Variable Name,Data Type,Variable Description,Help
ACCHGQ,NUM,ACCHGQ -- Accounting Changes - Cumulative Effect,
ACCHGY,NUM,ACCHGY -- Accounting Changes - Cumulative Effect,
ACCTCHGQ,CHAR,ACCTCHGQ -- Adoption of Accounting Changes,
ACCTSTDQ,CHAR,ACCTSTDQ -- Accounting Standard,
ACOMINCQ,NUM,ACOMINCQ -- Accumulated Other Comprehensive Income (Loss),
ACOQ,NUM,ACOQ -- Current Assets - Other - Total,
ACTQ,NUM,ACTQ -- Current Assets - Total,
ADD1,CHAR,ADD1 -- Address Line 1,
ADD2,CHAR,ADD2 -- Address Line 2,
ADD3,CHAR,ADD3 -- Address Line 3,
ADD4,CHAR,ADD4 -- Address Line 4,
ADDZIP,CHAR,ADDZIP -- Postal Code,
ADJEX,NUM,ADJEX -- Cumulative Adjustment Factor by Ex-Date,
ADRRQ,NUM,ADRRQ -- ADR Ratio,
AFUDCCY,NUM,AFUDCCY -- Allowance for Funds Used During Construction (Cash Flow),
AFUDCIY,NUM,AFUDCIY -- Allowance for Funds Used During Construction (Investing) (Cash Flow),
AJEXQ,NUM,AJEXQ -- Adjustment Factor (Company) - Cumulative by Ex-Date,
AJPQ,NUM,AJPQ -- Adjustment Factor (Company) - Cumulative byPay-Date,
ALTOQ,NUM,ALTOQ -- Other Long-term Assets,
AMCY,NUM,AMCY -- Amortization (Cash Flow),
ANCQ,NUM,ANCQ -- Non-Current Assets - Total,
ANOQ,NUM,ANOQ -- Assets Netting & Other Adjustments,
AOCIDERGLQ,NUM,AOCIDERGLQ -- Accum Other Comp Inc - Derivatives Unrealized Gain/Loss,
AOCIOTHERQ,NUM,AOCIOTHERQ -- Accum Other Comp Inc - Other Adjustments,
AOCIPENQ,NUM,AOCIPENQ -- Accum Other Comp Inc - Min Pension Liab Adj,
AOCISECGLQ,NUM,AOCISECGLQ -- Accum Other Comp Inc - Unreal G/L Ret Int in Sec Assets,
AOL2Q,NUM,AOL2Q -- Assets Level2 (Observable),
AOLOCHY,NUM,AOLOCHY -- Assets and Liabilities - Other (Net Change),
AOQ,NUM,AOQ -- Assets - Other - Total,
APALCHY,NUM,APALCHY -- Accounts Payable and Accrued Liabilities - Increase (Decrease),
APDEDATEQ,DATE,APDEDATEQ -- Actual Period End date,
APQ,NUM,APQ -- Account Payable/Creditors - Trade,
AQAQ,NUM,AQAQ -- Acquisition/Merger After-Tax,
AQAY,NUM,AQAY -- Acquisition/Merger After-Tax,
AQCY,NUM,AQCY -- Acquisitions,
AQDQ,NUM,AQDQ -- Acquisition/Merger Diluted EPS Effect,
AQDY,NUM,AQDY -- Acquisition/Merger Diluted EPS Effect,
AQEPSQ,NUM,AQEPSQ -- Acquisition/Merger Basic EPS Effect,
AQEPSY,NUM,AQEPSY -- Acquisition/Merger Basic EPS Effect,
AQPL1Q,NUM,AQPL1Q -- Assets Level1 (Quoted Prices),
AQPQ,NUM,AQPQ -- Acquisition/Merger Pretax,
AQPY,NUM,AQPY -- Acquisition/Merger Pretax,
ARCEDQ,NUM,ARCEDQ -- As Reported Core - Diluted EPS Effect,
ARCEDY,NUM,ARCEDY -- As Reported Core - Diluted EPS Effect,
ARCEEPSQ,NUM,ARCEEPSQ -- As Reported Core - Basic EPS Effect,
ARCEEPSY,NUM,ARCEEPSY -- As Reported Core - Basic EPS Effect,
ARCEQ,NUM,ARCEQ -- As Reported Core - After-tax,
ARCEY,NUM,ARCEY -- As Reported Core - After-tax,
ATQ,NUM,ATQ -- Assets - Total,
AUL3Q,NUM,AUL3Q -- Assets Level3 (Unobservable),
BILLEXCEQ,NUM,BILLEXCEQ -- Billings in Excess of Cost & Earnings,
BSPRQ,CHAR,BSPRQ -- Balance Sheet Presentation,
BUSDESC,CHAR,BUSDESC -- S&P Business Description,
CAPR1Q,NUM,CAPR1Q -- Risk-Adjusted Capital Ratio - Tier 1,
CAPR2Q,NUM,CAPR2Q -- Risk-Adjusted Capital Ratio - Tier 2,
CAPR3Q,NUM,CAPR3Q -- Risk-Adjusted Capital Ratio - Combined,
CAPSFTQ,NUM,CAPSFTQ -- Capitalized Software,
CAPSQ,NUM,CAPSQ -- Capital Surplus/Share Premium Reserve,
CAPXY,NUM,CAPXY -- Capital Expenditures,
CDVCY,NUM,CDVCY -- Cash Dividends on Common Stock (Cash Flow),
CEIEXBILLQ,NUM,CEIEXBILLQ -- Cost & Earnings in Excess of Billings,
CEQQ,NUM,CEQQ -- Common/Ordinary Equity - Total,
CHECHY,NUM,CHECHY -- Cash and Cash Equivalents - Increase (Decrease),
CHEQ,NUM,CHEQ -- Cash and Short-Term Investments,
CHQ,NUM,CHQ -- Cash,
CIBEGNIQ,NUM,CIBEGNIQ -- Comp Inc - Beginning Net Income,
CIBEGNIY,NUM,CIBEGNIY -- Comp Inc - Beginning Net Income,
CICURRQ,NUM,CICURRQ -- Comp Inc - Currency Trans Adj,
CICURRY,NUM,CICURRY -- Comp Inc - Currency Trans Adj,
CIDERGLQ,NUM,CIDERGLQ -- Comp Inc - Derivative Gains/Losses,
CIDERGLY,NUM,CIDERGLY -- Comp Inc - Derivative Gains/Losses,
CIK,CHAR,CIK Number,
CIMIIQ,NUM,CIMIIQ -- Comprehensive Income - Noncontrolling Interest,
CIMIIY,NUM,CIMIIY -- Comprehensive Income - Noncontrolling Interest,
CIOTHERQ,NUM,CIOTHERQ -- Comp Inc - Other Adj,
CIOTHERY,NUM,CIOTHERY -- Comp Inc - Other Adj,
CIPENQ,NUM,CIPENQ -- Comp Inc - Minimum Pension Adj,
CIPENY,NUM,CIPENY -- Comp Inc - Minimum Pension Adj,
CIQ,NUM,CIQ -- Comprehensive Income - Total,
CISECGLQ,NUM,CISECGLQ -- Comp Inc - Securities Gains/Losses,
CISECGLY,NUM,CISECGLY -- Comp Inc - Securities Gains/Losses,
CITOTALQ,NUM,CITOTALQ -- Comprehensive Income - Parent,
CITOTALY,NUM,CITOTALY -- Comprehensive Income - Parent,
CITY,CHAR,CITY -- City,
CIY,NUM,CIY -- Comprehensive Income - Total,
COGSQ,NUM,COGSQ -- Cost of Goods Sold,
COGSY,NUM,COGSY -- Cost of Goods Sold,
COMPSTQ,CHAR,COMPSTQ -- Comparability Status,
CONM,CHAR,Company Name,
CONML,CHAR,CONML -- Company Legal Name,
COUNTY,CHAR,COUNTY -- County Code,
CSH12Q,NUM,CSH12Q -- Common Shares Used to Calculate Earnings Per Share - 12 Months Moving,
CSHFD12,NUM,CSHFD12 -- Common Shares Used to Calc Earnings Per Share - Fully Diluted - 12 Months M,
CSHFDQ,NUM,CSHFDQ -- Com Shares for Diluted EPS,
CSHFDY,NUM,CSHFDY -- Com Shares for Diluted EPS,
CSHIQ,NUM,CSHIQ -- Common Shares Issued,
CSHOPQ,NUM,CSHOPQ -- Total Shares Repurchased - Quarter,
CSHOQ,NUM,CSHOQ -- Common Shares Outstanding,
CSHPRQ,NUM,CSHPRQ -- Common Shares Used to Calculate Earnings Per Share - Basic,
CSHPRY,NUM,CSHPRY -- Common Shares Used to Calculate Earnings Per Share - Basic,
CSHTRQ,NUM,CSHTRQ -- Common Shares Traded - Quarter,
CSTKCVQ,NUM,CSTKCVQ -- Carrying Value,
CSTKEQ,NUM,CSTKEQ -- Common Stock Equivalents - Dollar Savings,
CSTKEY,NUM,CSTKEY -- Common Stock Equivalents - Dollar Savings,
CSTKQ,NUM,CSTKQ -- Common/Ordinary Stock (Capital),
CURNCDQ,CHAR,CURNCDQ -- Native Currency Code,
CURRTRQ,NUM,CURRTRQ -- Currency Translation Rate,
CURUSCNQ,NUM,CURUSCNQ -- US Canadian Translation Rate - Interim,
CUSIP,CHAR,CUSIP,
DATACQTR,CHAR,DATACQTR -- Calendar Data Year and Quarter,
DATAFQTR,CHAR,DATAFQTR -- Fiscal Data Year and Quarter,
DCOMQ,NUM,DCOMQ -- Deferred Compensation,
DD1Q,NUM,DD1Q -- Long-Term Debt Due in One Year,
DEPCY,NUM,DEPCY -- Depreciation and Depletion (Cash Flow),
DERACQ,NUM,DERACQ -- Derivative Assets - Current,
DERALTQ,NUM,DERALTQ -- Derivative Assets Long-Term,
DERHEDGLQ,NUM,DERHEDGLQ -- Gains/Losses on Derivatives and Hedging,
DERHEDGLY,NUM,DERHEDGLY -- Gains/Losses on Derivatives and Hedging,
DERLCQ,NUM,DERLCQ -- Derivative Liabilities- Current,
DERLLTQ,NUM,DERLLTQ -- Derivative Liabilities Long-Term,
DILADQ,NUM,DILADQ -- Dilution Adjustment,
DILADY,NUM,DILADY -- Dilution Adjustment,
DILAVQ,NUM,DILAVQ -- Dilution Available - Excluding Extraordinary Items,
DILAVY,NUM,DILAVY -- Dilution Available - Excluding Extraordinary Items,
DLCCHY,NUM,DLCCHY -- Changes in Current Debt,
DLCQ,NUM,DLCQ -- Debt in Current Liabilities,
DLDTE,DATE,DLDTE -- Research Company Deletion Date,
DLRSN,CHAR,DLRSN -- Research Co Reason for Deletion,
DLTISY,NUM,DLTISY -- Long-Term Debt - Issuance,
DLTRY,NUM,DLTRY -- Long-Term Debt - Reduction,
DLTTQ,NUM,DLTTQ -- Long-Term Debt - Total,
DOQ,NUM,DOQ -- Discontinued Operations,
DOY,NUM,DOY -- Discontinued Operations,
DPACREQ,NUM,DPACREQ -- Accumulated Depreciation of RE Property,
DPACTQ,NUM,"DPACTQ -- Depreciation, Depletion and Amortization (Accumulated)",
DPCY,NUM,DPCY -- Depreciation and Amortization - Statement of Cash Flows,
DPQ,NUM,DPQ -- Depreciation and Amortization - Total,
DPRETQ,NUM,DPRETQ -- Depr/Amort of Property,
DPRETY,NUM,DPRETY -- Depr/Amort of Property,
DPY,NUM,DPY -- Depreciation and Amortization - Total,
DRCQ,NUM,DRCQ -- Deferred Revenue - Current,
DRLTQ,NUM,DRLTQ -- Deferred Revenue - Long-term,
DTEAQ,NUM,DTEAQ -- Extinguishment of Debt After-tax,
DTEAY,NUM,DTEAY -- Extinguishment of Debt After-tax,
DTEDQ,NUM,DTEDQ -- Extinguishment of Debt Diluted EPS Effect,
DTEDY,NUM,DTEDY -- Extinguishment of Debt Diluted EPS Effect,
DTEEPSQ,NUM,DTEEPSQ -- Extinguishment of Debt Basic EPS Effect,
DTEEPSY,NUM,DTEEPSY -- Extinguishment of Debt Basic EPS Effect,
DTEPQ,NUM,DTEPQ -- Extinguishment of Debt Pretax,
DTEPY,NUM,DTEPY -- Extinguishment of Debt Pretax,
DVINTFQ,NUM,DVINTFQ -- Dividends & Interest Receivable (Cash Flow),
DVPQ,NUM,DVPQ -- Dividends - Preferred/Preference,
DVPSPQ,NUM,DVPSPQ -- Dividends per Share - Pay Date - Quarter,
DVPSXQ,NUM,DVPSXQ -- Div per Share - Exdate - Quarter,
DVPY,NUM,DVPY -- Dividends - Preferred/Preference,
DVY,NUM,DVY -- Cash Dividends,
EIN,CHAR,EIN -- Employer Identification Number,
EPSF12,NUM,EPSF12 -- Earnings Per Share (Diluted) - Excluding Extraordinary Items - 12 Months Mo,
EPSFI12,NUM,EPSFI12 -- Earnings Per Share (Diluted) - Including Extraordinary Items,
EPSFIQ,NUM,EPSFIQ -- Earnings Per Share (Diluted) - Including Extraordinary Items,
EPSFIY,NUM,EPSFIY -- Earnings Per Share (Diluted) - Including Extraordinary Items,
EPSFXQ,NUM,EPSFXQ -- Earnings Per Share (Diluted) - Excluding Extraordinary items,
EPSFXY,NUM,EPSFXY -- Earnings Per Share (Diluted) - Excluding Extraordinary items,
EPSPI12,NUM,EPSPI12 -- Earnings Per Share (Basic) - Including Extraordinary Items - 12 Months Movi,
EPSPIQ,NUM,EPSPIQ -- Earnings Per Share (Basic) - Including Extraordinary Items,
EPSPIY,NUM,EPSPIY -- Earnings Per Share (Basic) - Including Extraordinary Items,
EPSPXQ,NUM,EPSPXQ -- Earnings Per Share (Basic) - Excluding Extraordinary Items,
EPSPXY,NUM,EPSPXY -- Earnings Per Share (Basic) - Excluding Extraordinary Items,
EPSX12,NUM,EPSX12 -- Earnings Per Share (Basic) - Excluding Extraordinary Items - 12 Months Movi,
ESOPCTQ,NUM,ESOPCTQ -- Common ESOP Obligation - Total,
ESOPNRQ,NUM,ESOPNRQ -- Preferred ESOP Obligation - Non-Redeemable,
ESOPRQ,NUM,ESOPRQ -- Preferred ESOP Obligation - Redeemable,
ESOPTQ,NUM,ESOPTQ -- Preferred ESOP Obligation - Total,
ESUBCY,NUM,ESUBCY -- Equity in Net Loss/Earnings (C/F),
ESUBQ,NUM,ESUBQ -- Equity in Earnings (I/S) - Unconsolidated Subsidiaries,
ESUBY,NUM,ESUBY -- Equity in Earnings (I/S)- Unconsolidated Subsidiaries,
EXCHG,NUM,Stock Exchange Code,
EXREY,NUM,EXREY -- Exchange Rate Effect,
FAX,CHAR,FAX -- Fax Number,
FCAQ,NUM,FCAQ -- Foreign Exchange Income (Loss),
FCAY,NUM,FCAY -- Foreign Exchange Income (Loss),
FDATEQ,DATE,FDATEQ -- Final Date,
FFOQ,NUM,FFOQ -- Funds From Operations (REIT),
FFOY,NUM,FFOY -- Funds From Operations (REIT),
FIAOY,NUM,FIAOY -- Financing Activities - Other,
FIC,CHAR,Foreign Incorporation Code,
FINACOQ,NUM,"FINACOQ -- Finance Division Other Current Assets, Total",
FINALQ,CHAR,FINALQ -- Final Indicator Flag,
FINAOQ,NUM,"FINAOQ -- Finance Division Other Long-Term Assets, Total",
FINCFY,NUM,FINCFY -- Financing Activities - Net Cash Flow,
FINCHQ,NUM,FINCHQ -- Finance Division - Cash,
FINDLCQ,NUM,FINDLCQ -- Finance Division Long-Term Debt - Current,
FINDLTQ,NUM,FINDLTQ -- Finance Division Debt - Long-Term,
FINIVSTQ,NUM,FINIVSTQ -- Finance Division - Short-Term Investments,
FINLCOQ,NUM,"FINLCOQ -- Finance Division Other Current Liabilities, Total",
FINLTOQ,NUM,"FINLTOQ -- Finance Division Other Long Term Liabilities, Total",
FINNPQ,NUM,FINNPQ -- Finance Division Notes Payable,
FINRECCQ,NUM,FINRECCQ -- Finance Division - Current Receivables,
FINRECLTQ,NUM,FINRECLTQ -- Finance Division - Long-Term Receivables,
FINREVQ,NUM,FINREVQ -- Finance Division Revenue,
FINREVY,NUM,FINREVY -- Finance Division Revenue,
FINXINTQ,NUM,FINXINTQ -- Finance Division Interest Expense,
FINXINTY,NUM,FINXINTY -- Finance Division Interest Expense,
FINXOPRQ,NUM,FINXOPRQ -- Finance Division Operating Expense,
FINXOPRY,NUM,FINXOPRY -- Finance Division Operating Expense,
FOPOXY,NUM,FOPOXY -- Funds from Operations - Other excluding Option Tax Benefit,
FOPOY,NUM,FOPOY -- Funds from Operations - Other,
FOPTY,NUM,FOPTY -- Funds From Operations - Total,
FQTR,NUM,FQTR -- Fiscal Quarter,
FSRCOY,NUM,FSRCOY -- Sources of Funds - Other,
FSRCTY,NUM,FSRCTY -- Sources of Funds - Total,
FUSEOY,NUM,FUSEOY -- Uses of Funds - Other,
FUSETY,NUM,FUSETY -- Uses of Funds - Total,
FYEARQ,NUM,FYEARQ -- Fiscal Year,
FYR,NUM,Fiscal Year-End,
FYR,NUM,FYR -- Fiscal Year-end Month,
FYR,NUM,FYR -- Fiscal Year-end Month,
FYRC,NUM,FYRC -- Current Fiscal Year End Month,
GDWLAMQ,NUM,GDWLAMQ -- Amortization of Goodwill,
GDWLAMY,NUM,GDWLAMY -- Amortization of Goodwill,
GDWLIA12,NUM,GDWLIA12 -- Impairments of Goodwill AfterTax - 12mm,
GDWLIAQ,NUM,GDWLIAQ -- Impairment of Goodwill After-tax,
GDWLIAY,NUM,GDWLIAY -- Impairment of Goodwill After-tax,
GDWLID12,NUM,GDWLID12 -- Impairments Diluted EPS - 12mm,
GDWLIDQ,NUM,GDWLIDQ -- Impairment of Goodwill Diluted EPS Effect,
GDWLIDY,NUM,GDWLIDY -- Impairment of Goodwill Diluted EPS Effect,
GDWLIEPS12,NUM,GDWLIEPS12 -- Impairment of Goodwill Basic EPS Effect 12MM,
GDWLIEPSQ,NUM,GDWLIEPSQ -- Impairment of Goodwill Basic EPS Effect,
GDWLIEPSY,NUM,GDWLIEPSY -- Impairment of Goodwill Basic EPS Effect,
GDWLIPQ,NUM,GDWLIPQ -- Impairment of Goodwill Pretax,
GDWLIPY,NUM,GDWLIPY -- Impairment of Goodwill Pretax,
GDWLQ,NUM,GDWLQ -- Goodwill (net),
GGROUP,CHAR,GGROUP -- GIC Groups,
GIND,CHAR,GIND -- GIC Industries,
GLAQ,NUM,GLAQ -- Gain/Loss After-Tax,
GLAY,NUM,GLAY -- Gain/Loss After-Tax,
GLCEA12,NUM,GLCEA12 -- Gain/Loss on Sale (Core Earnings Adjusted) After-tax 12MM,
GLCEAQ,NUM,GLCEAQ -- Gain/Loss on Sale (Core Earnings Adjusted) After-tax,
GLCEAY,NUM,GLCEAY -- Gain/Loss on Sale (Core Earnings Adjusted) After-tax,
GLCED12,NUM,GLCED12 -- Gain/Loss on Sale (Core Earnings Adjusted) Diluted EPS Effect 12MM,
GLCEDQ,NUM,GLCEDQ -- Gain/Loss on Sale (Core Earnings Adjusted) Diluted EPS,
GLCEDY,NUM,GLCEDY -- Gain/Loss on Sale (Core Earnings Adjusted) Diluted EPS,
GLCEEPS12,NUM,GLCEEPS12 -- Gain/Loss on Sale (Core Earnings Adjusted) Basic EPS Effect 12MM,
GLCEEPSQ,NUM,GLCEEPSQ -- Gain/Loss on Sale (Core Earnings Adjusted) Basic EPS Effect,
GLCEEPSY,NUM,GLCEEPSY -- Gain/Loss on Sale (Core Earnings Adjusted) Basic EPS Effect,
GLCEPQ,NUM,GLCEPQ -- Gain/Loss on Sale (Core Earnings Adjusted) Pretax,
GLCEPY,NUM,GLCEPY -- Gain/Loss on Sale (Core Earnings Adjusted) Pretax,
GLDQ,NUM,GLDQ -- Gain/Loss Diluted EPS Effect,
GLDY,NUM,GLDY -- Gain/Loss Diluted EPS Effect,
GLEPSQ,NUM,GLEPSQ -- Gain/Loss Basic EPS Effect,
GLEPSY,NUM,GLEPSY -- Gain/Loss Basic EPS Effect,
GLIVQ,NUM,GLIVQ -- Gains/Losses on investments,
GLIVY,NUM,GLIVY -- Gains/Losses on investments,
GLPQ,NUM,GLPQ -- Gain/Loss Pretax,
GLPY,NUM,GLPY -- Gain/Loss Pretax,
GSECTOR,CHAR,GSECTOR -- GIC Sectors,
GSUBIND,CHAR,GSUBIND -- GIC Sub-Industries,
HEDGEGLQ,NUM,HEDGEGLQ -- Gain/Loss on Ineffective Hedges,
HEDGEGLY,NUM,HEDGEGLY -- Gain/Loss on Ineffective Hedges,
IBADJ12,NUM,IBADJ12 -- Income Before Extra Items - Adj for Common Stock Equivalents - 12MM,
IBADJQ,NUM,IBADJQ -- Income Before Extraordinary Items - Adjusted for Common Stock Equivalents,
IBADJY,NUM,IBADJY -- Income Before Extraordinary Items - Adjusted for Common Stock Equivalents,
IBCOMQ,NUM,IBCOMQ -- Income Before Extraordinary Items - Available for Common,
IBCOMY,NUM,IBCOMY -- Income Before Extraordinary Items - Available for Common,
IBCY,NUM,IBCY -- Income Before Extraordinary Items - Statement of Cash Flows,
IBMIIQ,NUM,IBMIIQ -- Income before Extraordinary Items and Noncontrolling Interests,
IBMIIY,NUM,IBMIIY -- Income before Extraordinary Items and Noncontrolling Interests,
IBQ,NUM,IBQ -- Income Before Extraordinary Items,
IBY,NUM,IBY -- Income Before Extraordinary Items,
ICAPTQ,NUM,ICAPTQ -- Invested Capital - Total - Quarterly,
IDBFLAG,CHAR,"IDBFLAG -- International, Domestic, Both Indicator",
INCORP,CHAR,INCORP -- Current State/Province of Incorporation Code,
INTACCQ,NUM,INTACCQ -- Interest Accrued,
INTANOQ,NUM,INTANOQ -- Other Intangibles,
INTANQ,NUM,INTANQ -- Intangible Assets - Total,
INTPNY,NUM,INTPNY -- Interest Paid - Net,
INVCHY,NUM,INVCHY -- Inventory - Decrease (Increase),
INVFGQ,NUM,INVFGQ -- Inventory - Finished Goods,
INVOQ,NUM,INVOQ -- Inventory - Other,
INVRMQ,NUM,INVRMQ -- Inventory - Raw Materials,
INVTQ,NUM,INVTQ -- Inventories - Total,
INVWIPQ,NUM,INVWIPQ -- Inventory - Work in Process,
IPODATE,DATE,IPODATE -- Company Initial Public Offering Date,
ITCCY,NUM,ITCCY -- Investment Tax Credit - Net (Cash Flow),
IVACOY,NUM,IVACOY -- Investing Activities - Other,
IVAEQQ,NUM,IVAEQQ -- Investment and Advances - Equity,
IVAOQ,NUM,IVAOQ -- Investment and Advances - Other,
IVCHY,NUM,IVCHY -- Increase in Investments,
IVLTQ,NUM,IVLTQ -- Total Long-term Investments,
IVNCFY,NUM,IVNCFY -- Investing Activities - Net Cash Flow,
IVSTCHY,NUM,IVSTCHY -- Short-Term Investments - Change,
IVSTQ,NUM,IVSTQ -- Short-Term Investments- Total,
LCOQ,NUM,LCOQ -- Current Liabilities - Other - Total,
LCTQ,NUM,LCTQ -- Current Liabilities - Total,
LLTQ,NUM,LLTQ -- Long-Term Liabilities (Total),
LNOQ,NUM,LNOQ -- Liabilities Netting & Other Adjustments,
LOC,CHAR,LOC -- Current ISO Country Code - Headquarters,
LOL2Q,NUM,LOL2Q -- Liabilities Level2 (Observable),
LOQ,NUM,LOQ -- Liabilities - Other,
LOXDRQ,NUM,LOXDRQ -- Liabilities - Other - Excluding Deferred Revenue,
LQPL1Q,NUM,LQPL1Q -- Liabilities Level1 (Quoted Prices),
LSEQ,NUM,LSEQ -- Liabilities and Stockholders Equity - Total,
LTMIBQ,NUM,LTMIBQ -- Liabilities - Total and Noncontrolling Interest,
LTQ,NUM,LTQ -- Liabilities - Total,
LUL3Q,NUM,LUL3Q -- Liabilities Level3 (Unobservable),
MIBNQ,NUM,MIBNQ -- Noncontrolling Interests - Nonredeemable - Balance Sheet,
MIBQ,NUM,MIBQ -- Noncontrolling Interest - Redeemable - Balance Sheet,
MIBTQ,NUM,MIBTQ -- Noncontrolling Interests - Total - Balance Sheet,
MIIQ,NUM,MIIQ -- Noncontrolling Interest - Income Account,
MIIY,NUM,MIIY -- Noncontrolling Interest - Income Account,
MKVALTQ,NUM,MKVALTQ -- Market Value - Total,
MSAQ,NUM,MSAQ -- Accum Other Comp Inc - Marketable Security Adjustments,
NAICS,CHAR,NAICS -- North American Industry Classification Code,
NCOQ,NUM,NCOQ -- Net Charge-Offs,
NCOY,NUM,NCOY -- Net Charge-Offs,
NIITQ,NUM,NIITQ -- Net Interest Income (Tax Equivalent),
NIITY,NUM,NIITY -- Net Interest Income (Tax Equivalent),
NIMQ,NUM,NIMQ -- Net Interest Margin,
NIMY,NUM,NIMY -- Net Interest Margin,
NIQ,NUM,NIQ -- Net Income (Loss),
NIY,NUM,NIY -- Net Income (Loss),
NOPIQ,NUM,NOPIQ -- Non-Operating Income (Expense) - Total,
NOPIY,NUM,NOPIY -- Non-Operating Income (Expense) - Total,
NPATQ,NUM,NPATQ -- Nonperforming Assets - Total,
NPQ,NUM,NPQ -- Notes Payable,
NRTXTDQ,NUM,NRTXTDQ -- Nonrecurring Income Taxes Diluted EPS Effect,
NRTXTDY,NUM,NRTXTDY -- Nonrecurring Income Taxes Diluted EPS Effect,
NRTXTEPSQ,NUM,NRTXTEPSQ -- Nonrecurring Income Taxes Basic EPS Effect,
NRTXTEPSY,NUM,NRTXTEPSY -- Nonrecurring Income Taxes Basic EPS Effect,
NRTXTQ,NUM,NRTXTQ -- Nonrecurring Income Taxes - After-tax,
NRTXTY,NUM,NRTXTY -- Nonrecurring Income Taxes - After-tax,
OANCFY,NUM,OANCFY -- Operating Activities - Net Cash Flow,
OBKQ,NUM,OBKQ -- Order backlog,
OEPF12,NUM,OEPF12 -- Earnings Per Share - Diluted - from Operations - 12MM,
OEPS12,NUM,OEPS12 -- Earnings Per Share from Operations - 12 Months Moving,
OEPSXQ,NUM,OEPSXQ -- Earnings Per Share - Diluted - from Operations,
OEPSXY,NUM,OEPSXY -- Earnings Per Share - Diluted - from Operations,
OGMQ,CHAR,OGMQ -- OIL & GAS METHOD,
OIADPQ,NUM,OIADPQ -- Operating Income After Depreciation - Quarterly,
OIADPY,NUM,OIADPY -- Operating Income After Depreciation - Year-to-Date,
OIBDPQ,NUM,OIBDPQ -- Operating Income Before Depreciation - Quarterly,
OIBDPY,NUM,OIBDPY -- Operating Income Before Depreciation,
OPEPSQ,NUM,OPEPSQ -- Earnings Per Share from Operations,
OPEPSY,NUM,OPEPSY -- Earnings Per Share from Operations,
OPTDRQ,NUM,OPTDRQ -- Dividend Rate - Assumption (%),
OPTDRY,NUM,OPTDRY -- Dividend Rate - Assumption (%),
OPTFVGRQ,NUM,OPTFVGRQ -- Options - Fair Value of Options Granted,
OPTFVGRY,NUM,OPTFVGRY -- Options - Fair Value of Options Granted,
OPTLIFEQ,NUM,OPTLIFEQ -- Life of Options - Assumption (## yrs),
OPTLIFEY,NUM,OPTLIFEY -- Life of Options - Assumption (## yrs),
OPTRFRQ,NUM,OPTRFRQ -- Risk Free Rate - Assumption (%),
OPTRFRY,NUM,OPTRFRY -- Risk Free Rate - Assumption (%),
OPTVOLQ,NUM,OPTVOLQ -- Volatility - Assumption (%),
OPTVOLY,NUM,OPTVOLY -- Volatility - Assumption (%),
PDATEQ,DATE,PDATEQ -- Preliminary Date,
PDVCY,NUM,PDVCY -- Cash Dividends on Preferred/Preference Stock (Cash Flow),
PHONE,CHAR,PHONE -- Phone Number,
PIQ,NUM,PIQ -- Pretax Income,
PIY,NUM,PIY -- Pretax Income,
PLLQ,NUM,PLLQ -- Provision for Loan/Asset Losses,
PLLY,NUM,PLLY -- Provision for Loan/Asset Losses,
PNC12,NUM,PNC12 -- Pension Core Adjustment - 12mm,
PNCD12,NUM,PNCD12 -- Core Pension Adjustment Diluted EPS Effect 12MM,
PNCDQ,NUM,PNCDQ -- Core Pension Adjustment Diluted EPS Effect,
PNCDY,NUM,PNCDY -- Core Pension Adjustment Diluted EPS Effect,
PNCEPS12,NUM,PNCEPS12 -- Core Pension Adjustment Basic EPS Effect 12MM,
PNCEPSQ,NUM,PNCEPSQ -- Core Pension Adjustment Basic EPS Effect,
PNCEPSY,NUM,PNCEPSY -- Core Pension Adjustment Basic EPS Effect,
PNCIAPQ,NUM,PNCIAPQ -- Core Pension Interest Adjustment After-tax Preliminary,
PNCIAPY,NUM,PNCIAPY -- Core Pension Interest Adjustment After-tax Preliminary,
PNCIAQ,NUM,PNCIAQ -- Core Pension Interest Adjustment After-tax,
PNCIAY,NUM,PNCIAY -- Core Pension Interest Adjustment After-tax,
PNCIDPQ,NUM,PNCIDPQ -- Core Pension Interest Adjustment Diluted EPS Effect Preliminary,
PNCIDPY,NUM,PNCIDPY -- Core Pension Interest Adjustment Diluted EPS Effect Preliminary,
PNCIDQ,NUM,PNCIDQ -- Core Pension Interest Adjustment Diluted EPS Effect,
PNCIDY,NUM,PNCIDY -- Core Pension Interest Adjustment Diluted EPS Effect,
PNCIEPSPQ,NUM,PNCIEPSPQ -- Core Pension Interest Adjustment Basic EPS Effect Preliminary,
PNCIEPSPY,NUM,PNCIEPSPY -- Core Pension Interest Adjustment Basic EPS Effect Preliminary,
PNCIEPSQ,NUM,PNCIEPSQ -- Core Pension Interest Adjustment Basic EPS Effect,
PNCIEPSY,NUM,PNCIEPSY -- Core Pension Interest Adjustment Basic EPS Effect,
PNCIPPQ,NUM,PNCIPPQ -- Core Pension Interest Adjustment Pretax Preliminary,
PNCIPPY,NUM,PNCIPPY -- Core Pension Interest Adjustment Pretax Preliminary,
PNCIPQ,NUM,PNCIPQ -- Core Pension Interest Adjustment Pretax,
PNCIPY,NUM,PNCIPY -- Core Pension Interest Adjustment Pretax,
PNCPD12,NUM,PNCPD12 -- Core Pension Adjustment 12MM Diluted EPS Effect Preliminary,
PNCPDQ,NUM,PNCPDQ -- Core Pension Adjustment Diluted EPS Effect Preliminary,
PNCPDY,NUM,PNCPDY -- Core Pension Adjustment Diluted EPS Effect Preliminary,
PNCPEPS12,NUM,PNCPEPS12 -- Core Pension Adjustment 12MM Basic EPS Effect Preliminary,
PNCPEPSQ,NUM,PNCPEPSQ -- Core Pension Adjustment Basic EPS Effect Preliminary,
PNCPEPSY,NUM,PNCPEPSY -- Core Pension Adjustment Basic EPS Effect Preliminary,
PNCPQ,NUM,PNCPQ -- Core Pension Adjustment Preliminary,
PNCPY,NUM,PNCPY -- Core Pension Adjustment Preliminary,
PNCQ,NUM,PNCQ -- Core Pension Adjustment,
PNCWIAPQ,NUM,PNCWIAPQ -- Core Pension w/o Interest Adjustment After-tax Preliminary,
PNCWIAPY,NUM,PNCWIAPY -- Core Pension w/o Interest Adjustment After-tax Preliminary,
PNCWIAQ,NUM,PNCWIAQ -- Core Pension w/o Interest Adjustment After-tax,
PNCWIAY,NUM,PNCWIAY -- Core Pension w/o Interest Adjustment After-tax,
PNCWIDPQ,NUM,PNCWIDPQ -- Core Pension w/o Interest Adjustment Diluted EPS Effect Preliminary,
PNCWIDPY,NUM,PNCWIDPY -- Core Pension w/o Interest Adjustment Diluted EPS Effect Preliminary,
PNCWIDQ,NUM,PNCWIDQ -- Core Pension w/o Interest Adjustment Diluted EPS Effect,
PNCWIDY,NUM,PNCWIDY -- Core Pension w/o Interest Adjustment Diluted EPS Effect,
PNCWIEPQ,NUM,PNCWIEPQ -- Core Pension w/o Interest Adjustment Basic EPS Effect Preliminary,
PNCWIEPSQ,NUM,PNCWIEPSQ -- Core Pension w/o Interest Adjustment Basic EPS Effect,
PNCWIEPSY,NUM,PNCWIEPSY -- Core Pension w/o Interest Adjustment Basic EPS Effect,
PNCWIEPY,NUM,PNCWIEPY -- Core Pension w/o Interest Adjustment Basic EPS Effect Preliminary,
PNCWIPPQ,NUM,PNCWIPPQ -- Core Pension w/o Interest Adjustment Pretax Preliminary,
PNCWIPPY,NUM,PNCWIPPY -- Core Pension w/o Interest Adjustment Pretax Preliminary,
PNCWIPQ,NUM,PNCWIPQ -- Core Pension w/o Interest Adjustment Pretax,
PNCWIPY,NUM,PNCWIPY -- Core Pension w/o Interest Adjustment Pretax,
PNCY,NUM,PNCY -- Core Pension Adjustment,
PNRSHOQ,NUM,PNRSHOQ -- Nonred Pfd Shares Outs (000) - Quarterly,
PPEGTQ,NUM,"PPEGTQ -- Property, Plant and Equipment - Total (Gross) - Quarterly",
PPENTQ,NUM,PPENTQ -- Property Plant and Equipment - Total (Net),
PRCAQ,NUM,PRCAQ -- Core Post Retirement Adjustment,
PRCAY,NUM,PRCAY -- Core Post Retirement Adjustment,
PRCCQ,NUM,PRCCQ -- Price Close - Quarter,
PRCD12,NUM,PRCD12 -- Core Post Retirement Adjustment Diluted EPS Effect 12MM,
PRCDQ,NUM,PRCDQ -- Core Post Retirement Adjustment Diluted EPS Effect,
PRCDY,NUM,PRCDY -- Core Post Retirement Adjustment Diluted EPS Effect,
PRCE12,NUM,PRCE12 -- Core Post Retirement Adjustment 12MM,
PRCEPS12,NUM,PRCEPS12 -- Core Post Retirement Adjustment Basic EPS Effect 12MM,
PRCEPSQ,NUM,PRCEPSQ -- Core Post Retirement Adjustment Basic EPS Effect,
PRCEPSY,NUM,PRCEPSY -- Core Post Retirement Adjustment Basic EPS Effect,
PRCHQ,NUM,PRCHQ -- Price High - Quarter,
PRCLQ,NUM,PRCLQ -- Price Low - Quarter,
PRCPD12,NUM,PRCPD12 -- Core Post Retirement Adjustment 12MM Diluted EPS Effect Preliminary,
PRCPDQ,NUM,PRCPDQ -- Core Post Retirement Adjustment Diluted EPS Effect Preliminary,
PRCPDY,NUM,PRCPDY -- Core Post Retirement Adjustment Diluted EPS Effect Preliminary,
PRCPEPS12,NUM,PRCPEPS12 -- Core Post Retirement Adjustment 12MM Basic EPS Effect Preliminary,
PRCPEPSQ,NUM,PRCPEPSQ -- Core Post Retirement Adjustment Basic EPS Effect Preliminary,
PRCPEPSY,NUM,PRCPEPSY -- Core Post Retirement Adjustment Basic EPS Effect Preliminary,
PRCPQ,NUM,PRCPQ -- Core Post Retirement Adjustment Preliminary,
PRCPY,NUM,PRCPY -- Core Post Retirement Adjustment Preliminary,
PRCRAQ,NUM,PRCRAQ -- Repurchase Price - Average per share Quarter,
PRICAN,CHAR,PRICAN -- Current Primary Issue Tag - Canada,
PRIROW,CHAR,PRIROW -- Primary Issue Tag - Rest of World,
PRIUSA,CHAR,PRIUSA -- Current Primary Issue Tag - US,
PRSHOQ,NUM,PRSHOQ -- Redeem Pfd Shares Outs (000),
PRSTKCCY,NUM,PRSTKCCY -- Purchase of Common Stock (Cash Flow),
PRSTKCY,NUM,PRSTKCY -- Purchase of Common and Preferred Stock,
PRSTKPCY,NUM,PRSTKPCY -- Purchase of Preferred/Preference Stock (Cash Flow),
PSTKNQ,NUM,PSTKNQ -- Preferred/Preference Stock - Nonredeemable,
PSTKQ,NUM,PSTKQ -- Preferred/Preference Stock (Capital) - Total,
PSTKRQ,NUM,PSTKRQ -- Preferred/Preference Stock - Redeemable,
RCAQ,NUM,RCAQ -- Restructuring Cost After-tax,
RCAY,NUM,RCAY -- Restructuring Cost After-tax,
RCDQ,NUM,RCDQ -- Restructuring Cost Diluted EPS Effect,
RCDY,NUM,RCDY -- Restructuring Cost Diluted EPS Effect,
RCEPSQ,NUM,RCEPSQ -- Restructuring Cost Basic EPS Effect,
RCEPSY,NUM,RCEPSY -- Restructuring Cost Basic EPS Effect,
RCPQ,NUM,RCPQ -- Restructuring Cost Pretax,
RCPY,NUM,RCPY -- Restructuring Cost Pretax,
RDIPAQ,NUM,RDIPAQ -- In Process R&D Expense After-tax,
RDIPAY,NUM,RDIPAY -- In Process R&D Expense After-tax,
RDIPDQ,NUM,RDIPDQ -- In Process R&D Expense Diluted EPS Effect,
RDIPDY,NUM,RDIPDY -- In Process R&D Expense Diluted EPS Effect,
RDIPEPSQ,NUM,RDIPEPSQ -- In Process R&D Expense Basic EPS Effect,
RDIPEPSY,NUM,RDIPEPSY -- In Process R&D Expense Basic EPS Effect,
RDIPQ,NUM,RDIPQ -- In Process R&D,
RDIPY,NUM,RDIPY -- In Process R&D,
RDQ,DATE,RDQ -- Report Date of Quarterly Earnings,
RECCHY,NUM,RECCHY -- Accounts Receivable - Decrease (Increase),
RECDQ,NUM,RECDQ -- Receivables - Estimated Doubtful,
RECTAQ,NUM,RECTAQ -- Accum Other Comp Inc - Cumulative Translation Adjustments,
RECTOQ,NUM,RECTOQ -- Receivables - Current Other incl Tax Refunds,
RECTQ,NUM,RECTQ -- Receivables - Total,
RECTRQ,NUM,RECTRQ -- Receivables - Trade,
RECUBQ,NUM,RECUBQ -- Unbilled Receivables - Quarterly,
REQ,NUM,REQ -- Retained Earnings,
RETQ,NUM,RETQ -- Total RE Property,
REUNAQ,NUM,REUNAQ -- Unadjusted Retained Earnings,
REVTQ,NUM,REVTQ -- Revenue - Total,
REVTY,NUM,REVTY -- Revenue - Total,
RLLQ,NUM,RLLQ -- Reserve for Loan/Asset Losses,
RP,CHAR,RP -- Reporting Periodicity,
RRA12,NUM,RRA12 -- Reversal - Restructruring/Acquisition Aftertax 12MM,
RRAQ,NUM,RRAQ -- Reversal - Restructruring/Acquisition Aftertax,
RRAY,NUM,RRAY -- Reversal - Restructruring/Acquisition Aftertax,
RRD12,NUM,RRD12 -- Reversal - Restructuring/Acq Diluted EPS Effect 12MM,
RRDQ,NUM,RRDQ -- Reversal - Restructuring/Acq Diluted EPS Effect,
RRDY,NUM,RRDY -- Reversal - Restructuring/Acq Diluted EPS Effect,
RREPS12,NUM,RREPS12 -- Reversal - Restructuring/Acq Basic EPS Effect 12MM,
RREPSQ,NUM,RREPSQ -- Reversal - Restructuring/Acq Basic EPS Effect,
RREPSY,NUM,RREPSY -- Reversal - Restructuring/Acq Basic EPS Effect,
RRPQ,NUM,RRPQ -- Reversal - Restructruring/Acquisition Pretax,
RRPY,NUM,RRPY -- Reversal - Restructruring/Acquisition Pretax,
RSTCHELTQ,NUM,RSTCHELTQ -- Long-Term Restricted Cash & Investments,
RSTCHEQ,NUM,RSTCHEQ -- Restricted Cash & Investments - Current,
SALEQ,NUM,SALEQ -- Sales/Turnover (Net),
SALEY,NUM,SALEY -- Sales/Turnover (Net),
SCFQ,NUM,SCFQ -- Cash Flow Model,
SCSTKCY,NUM,SCSTKCY -- Sale of Common Stock (Cash Flow),
SEQOQ,NUM,SEQOQ -- Other Stockholders- Equity Adjustments,
SEQQ,NUM,SEQQ -- Stockholders Equity > Parent > Index Fundamental > Quarterly,
SETA12,NUM,SETA12 -- Settlement (Litigation/Insurance) AfterTax - 12mm,
SETAQ,NUM,SETAQ -- Settlement (Litigation/Insurance) After-tax,
SETAY,NUM,SETAY -- Settlement (Litigation/Insurance) After-tax,
SETD12,NUM,SETD12 -- Settlement (Litigation/Insurance) Diluted EPS Effect 12MM,
SETDQ,NUM,SETDQ -- Settlement (Litigation/Insurance) Diluted EPS Effect,
SETDY,NUM,SETDY -- Settlement (Litigation/Insurance) Diluted EPS Effect,
SETEPS12,NUM,SETEPS12 -- Settlement (Litigation/Insurance) Basic EPS Effect 12MM,
SETEPSQ,NUM,SETEPSQ -- Settlement (Litigation/Insurance) Basic EPS Effect,
SETEPSY,NUM,SETEPSY -- Settlement (Litigation/Insurance) Basic EPS Effect,
SETPQ,NUM,SETPQ -- Settlement (Litigation/Insurance) Pretax,
SETPY,NUM,SETPY -- Settlement (Litigation/Insurance) Pretax,
SIC,CHAR,SIC -- Standard Industry Classification Code,
SIVY,NUM,SIVY -- Sale of Investments,
SPCE12,NUM,SPCE12 -- S&P Core Earnings 12MM,
SPCED12,NUM,SPCED12 -- S&P Core Earnings EPS Diluted 12MM,
SPCEDPQ,NUM,SPCEDPQ -- S&P Core Earnings EPS Diluted - Preliminary,
SPCEDPY,NUM,SPCEDPY -- S&P Core Earnings EPS Diluted - Preliminary,
SPCEDQ,NUM,SPCEDQ -- S&P Core Earnings EPS Diluted,
SPCEDY,NUM,SPCEDY -- S&P Core Earnings EPS Diluted,
SPCEEPS12,NUM,SPCEEPS12 -- S&P Core Earnings EPS Basic 12MM,
SPCEEPSP12,NUM,SPCEEPSP12 -- S&P Core 12MM EPS - Basic - Preliminary,
SPCEEPSPQ,NUM,SPCEEPSPQ -- S&P Core Earnings EPS Basic - Preliminary,
SPCEEPSPY,NUM,SPCEEPSPY -- S&P Core Earnings EPS Basic - Preliminary,
SPCEEPSQ,NUM,SPCEEPSQ -- S&P Core Earnings EPS Basic,
SPCEEPSY,NUM,SPCEEPSY -- S&P Core Earnings EPS Basic,
SPCEP12,NUM,SPCEP12 -- S&P Core Earnings 12MM - Preliminary,
SPCEPD12,NUM,SPCEPD12 -- S&P Core Earnings 12MM EPS Diluted - Preliminary,
SPCEPQ,NUM,SPCEPQ -- S&P Core Earnings - Preliminary,
SPCEPY,NUM,SPCEPY -- S&P Core Earnings - Preliminary,
SPCEQ,NUM,SPCEQ -- S&P Core Earnings,
SPCEY,NUM,SPCEY -- S&P Core Earnings,
SPCINDCD,NUM,SPCINDCD -- S&P Industry Sector Code,
SPCSECCD,NUM,SPCSECCD -- S&P Economic Sector Code,
SPCSRC,CHAR,SPCSRC -- S&P Quality Ranking - Current,
SPIDQ,NUM,SPIDQ -- Other Special Items Diluted EPS Effect,
SPIDY,NUM,SPIDY -- Other Special Items Diluted EPS Effect,
SPIEPSQ,NUM,SPIEPSQ -- Other Special Items Basic EPS Effect,
SPIEPSY,NUM,SPIEPSY -- Other Special Items Basic EPS Effect,
SPIOAQ,NUM,SPIOAQ -- Other Special Items After-tax,
SPIOAY,NUM,SPIOAY -- Other Special Items After-tax,
SPIOPQ,NUM,SPIOPQ -- Other Special Items Pretax,
SPIOPY,NUM,SPIOPY -- Other Special Items Pretax,
SPIQ,NUM,SPIQ -- Special Items,
SPIY,NUM,SPIY -- Special Items,
SPPEY,NUM,SPPEY -- Sale of Property,
SPPIVY,NUM,SPPIVY -- Sale of PP&E and Investments - (Gain) Loss,
SPSTKCY,NUM,SPSTKCY -- Sale of Preferred/Preference Stock (Cash Flow),
SRCQ,NUM,SRCQ -- Source Code,
SRETQ,NUM,SRETQ -- Gain/Loss on Sale of Property,
SRETY,NUM,SRETY -- Gain/Loss on Sale of Property,
SSTKY,NUM,SSTKY -- Sale of Common and Preferred Stock,
STALTQ,CHAR,STALTQ -- Status Alert,
STATE,CHAR,STATE -- State/Province,
STKCOQ,NUM,STKCOQ -- Stock Compensation Expense,
STKCOY,NUM,STKCOY -- Stock Compensation Expense,
STKCPAQ,NUM,STKCPAQ -- After-tax stock compensation,
STKCPAY,NUM,STKCPAY -- After-tax stock compensation,
STKO,NUM,STKO -- Stock Ownership Code,
TDCY,NUM,TDCY -- Deferred Income Taxes - Net (Cash Flow),
TEQQ,NUM,TEQQ -- Stockholders Equity - Total,
TFVAQ,NUM,TFVAQ -- Total Fair Value Assets,
TFVCEQ,NUM,TFVCEQ -- Total Fair Value Changes including Earnings,
TFVCEY,NUM,TFVCEY -- Total Fair Value Changes including Earnings,
TFVLQ,NUM,TFVLQ -- Total Fair Value Liabilities,
TIC,CHAR,Ticker Symbol,
TIEQ,NUM,TIEQ -- Interest Expense - Total (Financial Services),
TIEY,NUM,TIEY -- Interest Expense - Total (Financial Services),
TIIQ,NUM,TIIQ -- Interest Income - Total (Financial Services),
TIIY,NUM,TIIY -- Interest Income - Total (Financial Services),
TSAFCY,NUM,TSAFCY -- Total Srcs of Funds (FOF),
TSTKNQ,NUM,TSTKNQ -- Treasury Stock - Number of Common Shares,
TSTKQ,NUM,TSTKQ -- Treasury Stock - Total (All Capital),
TXACHY,NUM,TXACHY -- Income Taxes - Accrued - Increase (Decrease),
TXBCOFY,NUM,TXBCOFY -- Excess Tax Benefit of Stock Options - Cash Flow Financing,
TXBCOY,NUM,TXBCOY -- Excess Tax Benefit of Stock Options - Cash Flow Operating,
TXDBAQ,NUM,TXDBAQ -- Deferred Tax Asset - Long Term,
TXDBCAQ,NUM,TXDBCAQ -- Current Deferred Tax Asset,
TXDBCLQ,NUM,TXDBCLQ -- Current Deferred Tax Liability,
TXDBQ,NUM,TXDBQ -- Deferred Taxes - Balance Sheet,
TXDCY,NUM,TXDCY -- Deferred Taxes (Statement of Cash Flows),
TXDIQ,NUM,TXDIQ -- Income Taxes - Deferred,
TXDITCQ,NUM,TXDITCQ -- Deferred Taxes and Investment Tax Credit,
TXDIY,NUM,TXDIY -- Income Taxes - Deferred,
TXPDY,NUM,TXPDY -- Income Taxes Paid,
TXPQ,NUM,TXPQ -- Income Taxes Payable,
TXTQ,NUM,TXTQ -- Income Taxes - Total,
TXTY,NUM,TXTY -- Income Taxes - Total,
TXWQ,NUM,TXWQ -- Excise Taxes,
TXWY,NUM,TXWY -- Excise Taxes,
UACOQ,NUM,UACOQ -- Current Assets - Other - Utility,
UAOLOCHY,NUM,UAOLOCHY -- Other Assets and Liabilities - Net Change (Statement of Cash Flows),
UAOQ,NUM,UAOQ -- Other Assets - Utility,
UAPTQ,NUM,UAPTQ -- Accounts Payable - Utility,
UCAPSQ,NUM,UCAPSQ -- Paid In Capital - Other - Utility,
UCCONSQ,NUM,UCCONSQ -- Contributions In Aid Of Construction,
UCEQQ,NUM,UCEQQ -- Common Equity - Total - Utility,
UDDQ,NUM,UDDQ -- Debt (Debentures) - Utility,
UDFCCY,NUM,UDFCCY -- Deferred Fuel - Increase (Decrease) (Statement of Cash Flows),
UDMBQ,NUM,UDMBQ -- Debt (Mortgage Bonds),
UDOLTQ,NUM,UDOLTQ -- Debt (Other Long-Term),
UDPCOQ,NUM,UDPCOQ -- Debt (Pollution Control Obligations),
UDVPQ,NUM,UDVPQ -- Preferred Dividend Requirements,
UDVPY,NUM,UDVPY -- Preferred Dividend Requirements - Utility,
UFRETSDY,NUM,UFRETSDY -- Tot Funds Ret ofSec&STD (FOF),
UGIQ,NUM,UGIQ -- Gross Income (Income Before Interest Charges),
UGIY,NUM,UGIY -- Gross Income (Income Before Interest Charges) - Utility,
UINVQ,NUM,UINVQ -- Inventories,
ULCOQ,NUM,ULCOQ -- Current Liabilities - Other,
UNIAMIQ,NUM,UNIAMIQ -- Net Income before Extraordinary Items After Noncontrolling Interest,
UNIAMIY,NUM,UNIAMIY -- Net Income before Extraordinary Items After Noncontrolling Interest - Utili,
UNOPINCQ,NUM,UNOPINCQ -- Nonoperating Income (Net) - Other,
UNOPINCY,NUM,UNOPINCY -- Nonoperating Income (Net) - Other - Utility,
UNWCCY,NUM,UNWCCY -- Inc(Dec)Working Cap (FOF),
UOISY,NUM,UOISY -- Other Internal Sources - Net (Cash Flow),
UOPIQ,NUM,UOPIQ -- Operating Income - Total - Utility,
UPDQ,NUM,UPDQ -- Update Code,
UPDVPQ,NUM,UPDVPQ -- Preference Dividend Requirements - Utility,
UPDVPY,NUM,UPDVPY -- Preference Dividend Requirements - Utility,
UPMCSTKQ,NUM,UPMCSTKQ -- Premium On Common Stock - Utility,
UPMPFQ,NUM,UPMPFQ -- Premium On Preferred Stock - Utility,
UPMPFSQ,NUM,UPMPFSQ -- Premium On Preference Stock - Utility,
UPMSUBPQ,NUM,UPMSUBPQ -- Premium On Subsidiary Preferred Stock - Utility,
UPSTKCQ,NUM,UPSTKCQ -- Preference Stock At Carrying Value - Utility,
UPSTKQ,NUM,UPSTKQ -- Preferred Stock At Carrying Value - Utility,
UPTACY,NUM,UPTACY -- Utility Plant - Gross Additions (Cash Flow),
URECTQ,NUM,URECTQ -- Receivables (Net) - Utility,
USPIQ,NUM,USPIQ -- Special Items - Utility,
USPIY,NUM,USPIY -- Special Items - Utility,
USTDNCY,NUM,USTDNCY -- Net Decr in ST Debt (FOF),
USUBDVPQ,NUM,USUBDVPQ -- Subsidiary Preferred Dividends - Utility,
USUBDVPY,NUM,USUBDVPY -- Subsidiary Preferred Dividends - Utility,
USUBPCVQ,NUM,USUBPCVQ -- Subsidiary Preferred Stock At Carrying Value - Utility,
UTEMQ,NUM,UTEMQ -- Maintenance Expense - Total,
UTFDOCY,NUM,UTFDOCY -- Total Funds From Ops (FOF),
UTFOSCY,NUM,UTFOSCY -- Tot Funds Frm Outside Sources (FOF),
UTMEY,NUM,UTMEY -- Maintenance Expense - Total,
UWKCAPCY,NUM,UWKCAPCY -- Dec(Inc) in Working Capital (FOF),
WCAPCHY,NUM,WCAPCHY -- Working Capital Changes - Total,
WCAPCY,NUM,WCAPCY -- Working Capital Change - Other - Increase/(Decrease),
WCAPQ,NUM,WCAPQ -- Working Capital (Balance Sheet),
WDAQ,NUM,WDAQ -- Writedowns After-tax,
WDAY,NUM,WDAY -- Writedowns After-tax,
WDDQ,NUM,WDDQ -- Writedowns Diluted EPS Effect,
WDDY,NUM,WDDY -- Writedowns Diluted EPS Effect,
WDEPSQ,NUM,WDEPSQ -- Writedowns Basic EPS Effect,
WDEPSY,NUM,WDEPSY -- Writedowns Basic EPS Effect,
WDPQ,NUM,WDPQ -- Writedowns Pretax,
WDPY,NUM,WDPY -- Writedowns Pretax,
WEBURL,CHAR,WEBURL -- Web URL,
XACCQ,NUM,XACCQ -- Accrued Expenses,
XIDOCY,NUM,XIDOCY -- Extraordinary Items and Discontinued Operations (Statement of Cash Flows),
XIDOQ,NUM,XIDOQ -- Extraordinary Items and Discontinued Operations,
XIDOY,NUM,XIDOY -- Extraordinary Items and Discontinued Operations,
XINTQ,NUM,XINTQ -- Interest and Related Expense- Total,
XINTY,NUM,XINTY -- Interest and Related Expense- Total,
XIQ,NUM,XIQ -- Extraordinary Items,
XIY,NUM,XIY -- Extraordinary Items,
XOPRQ,NUM,XOPRQ -- Operating Expense- Total,
XOPRY,NUM,XOPRY -- Operating Expense- Total,
XOPT12,NUM,XOPT12 -- Implied Option Expense - 12mm,
XOPTD12,NUM,XOPTD12 -- Implied Option EPS Diluted 12MM,
XOPTD12P,NUM,XOPTD12P -- Implied Option 12MM EPS Diluted Preliminary,
XOPTDQ,NUM,XOPTDQ -- Implied Option EPS Diluted,
XOPTDQP,NUM,XOPTDQP -- Implied Option EPS Diluted Preliminary,
XOPTDQPY,NUM,XOPTDQPY -- Implied Option EPS Diluted Preliminary,
XOPTDY,NUM,XOPTDY -- Implied Option EPS Diluted,
XOPTEPS12,NUM,XOPTEPS12 -- Implied Option EPS Basic 12MM,
XOPTEPSP12,NUM,XOPTEPSP12 -- Implied Option 12MM EPS Basic Preliminary,
XOPTEPSQ,NUM,XOPTEPSQ -- Implied Option EPS Basic,
XOPTEPSQP,NUM,XOPTEPSQP -- Implied Option EPS Basic Preliminary,
XOPTEPSQPY,NUM,XOPTEPSQPY -- Implied Option EPS Basic Preliminary,
XOPTEPSY,NUM,XOPTEPSY -- Implied Option EPS Basic,
XOPTQ,NUM,XOPTQ -- Implied Option Expense,
XOPTQP,NUM,XOPTQP -- Implied Option Expense Preliminary,
XOPTQPY,NUM,XOPTQPY -- Implied Option Expense Preliminary,
XOPTY,NUM,XOPTY -- Implied Option Expense,
XRDQ,NUM,XRDQ -- Research and Development Expense,
XRDY,NUM,XRDY -- Research and Development Expense,
XSGAQ,NUM,"XSGAQ -- Selling, General and Administrative Expenses",
XSGAY,NUM,"XSGAY -- Selling, General and Administrative Expenses",
